lnk1_ref,Ea1,lnk2_ref,Ea2,log_beta0,n_flow,gamma,fold,fold_train_rmse,fold_test_rmse
3.413144328695534,53334.06180960735,2.6455623561716033,156136.80535084166,1.1401221275956224,0.055375441875101884,-3.524885634596946,0,12.925335362605418,5.917879057414998
3.3673267472065915,52102.946559538614,2.674554367115927,154680.19671286628,1.1438528554551304,0.022204490249840652,-3.5916696437341002,1,12.431357906177778,12.559777396800149
3.422508962633362,53128.87946359158,3.2663347977155115,193777.86266943708,1.114263520880096,0.21293942136719465,-4.152393379665254,2,11.447506877119622,24.325336356235546
3.3713785251422386,52972.54760965842,2.5207641650407733,153217.6417357953,1.088921610693133,0.012830139130551935,-3.0761195211830747,3,11.90104526003596,17.410507731961427
3.373409944258759,52836.1931922171,2.550337060769311,157839.77310585213,1.156705454369846,0.08166156589691984,-3.421190869601587,4,12.34383486516973,13.827157250476821
3.3988968651022295,53405.637635673665,2.702516554794639,164794.93807485476,1.1306670001491506,0.053281201127500254,-3.18937546548618,5,12.531065187432208,11.473701129761846
3.3769268830416603,52534.07059714786,2.8225795607328688,174057.83059477573,1.1750523088740878,-0.019546671963098946,-3.574383883320491,6,11.366471225415049,20.666589494014776
3.422336138127246,53529.21227190253,2.644947405082543,156444.07571578678,1.1327985122489506,0.05207454955831494,-3.479276745711619,7,12.893165384296793,6.531050465978009
3.274459721949409,52100.4786415052,2.4193465573900474,159685.33777093323,1.1431863425973663,0.09303268233124702,-2.3132440808432864,8,11.719570364070488,18.17708805708961
3.4096935956635317,54412.93531958662,2.490676485310136,154960.41861707746,1.1519608661253156,0.07466244874818902,-2.9996605864040538,9,12.779127800534903,8.641980980190455
