lnk1_ref,Ea1,lnk2_ref,Ea2,log_beta0,n_flow,gamma,fold,train_rmse,test_rmse
2.7271748381129703,42036.781912934784,0.7160359311768458,258042.3488352309,1.1161747801246344,0.0,0.0,0,8.692077710704368,1.9708480364499883
2.730447165027803,42342.31580413244,0.7123432227804009,256107.59192670227,1.1104021650623053,0.0,0.0,1,8.619133846073632,4.0316732744658434
2.703046486980596,41292.800461478946,0.7630690673945669,261158.73770645994,1.1060163608051705,0.0,0.0,2,8.491493258813986,6.149773782816851
2.721661691189654,40967.297227065785,0.8154795376255126,252186.3438375599,1.100713936490484,0.0,0.0,3,8.245482418564151,8.961655550254239
2.6615006513592503,40422.883652805,-0.028482029741030396,350384.2415543076,1.083441628434324,0.0,0.0,4,6.917073270756963,19.635139367628145
2.8307650996954576,45689.90154659039,0.7833888452868092,273264.62602661597,1.301276498704438,0.0,0.0,5,7.038089200460662,25.48025661562301
2.76508768623133,43025.5395426822,0.7683285037993841,266770.00841699506,1.0967250150579282,0.0,0.0,6,7.617959703240665,13.297503134486274
2.7450519612795206,42403.586177975536,0.7031022644751144,259162.09959185772,1.1170783001077988,0.0,0.0,7,8.676031036054772,2.5222073305781647
2.711513728372734,41590.65326280159,0.6266283162350952,269697.84790527966,1.1199054199412832,0.0,0.0,8,8.358566595673436,7.634514824342427
2.7625372272586324,43524.74771201846,0.6950989637046604,245535.78610145958,1.12649564513081,0.0,0.0,9,8.267135365465556,8.677898820685327
